player_id,player_x,team,height,weight,position,player_y,season,team_id,gp,pts,ast,reb,fgm,fga,fg_pct,min
1630173,Precious Achiuwa,Knicks,6-8,243,Forward,Precious Achiuwa,2024-25,1610612752,57,379,55,317,164,327,0.502,1170.0
203500,Steven Adams,Rockets,6-11,265,Center,Steven Adams,2024-25,1610612745,58,225,66,327,91,167,0.545,794.0
1628389,Bam Adebayo,Heat,6-9,255,Center-Forward,Bam Adebayo,2024-25,1610612748,78,1410,337,749,540,1113,0.485,2674.0
1630534,Ochai Agbaji,Raptors,6-5,215,Guard,Ochai Agbaji,2024-25,1610612761,64,667,98,242,266,534,0.498,1739.0
1630583,Santi Aldama,Grizzlies,7-0,215,Forward-Center,Santi Aldama,2024-25,1610612763,65,811,188,416,313,648,0.483,1660.0
1641725,Trey Alexander,Nuggets,6-4,185,Guard,Trey Alexander,2024-25,1610612743,24,32,11,12,13,41,0.317,117.0
1629638,Nickeil Alexander-Walker,Timberwolves,6-5,205,Guard,Nickeil Alexander-Walker,2024-25,1610612750,82,773,223,265,270,616,0.438,2073.0
1628960,Grayson Allen,Suns,6-4,198,Guard,Grayson Allen,2024-25,1610612756,64,680,137,194,219,489,0.448,1544.0
1628386,Jarrett Allen,Cavaliers,6-9,243,Center,Jarrett Allen,2024-25,1610612739,82,1103,158,798,452,640,0.706,2296.0
1630631,Jose Alvarado,Pelicans,6-0,179,Guard,Jose Alvarado,2024-25,1610612740,56,579,259,136,204,521,0.392,1366.0
203937,Kyle Anderson,Heat,6-9,230,Forward-Guard,Kyle Anderson,2024-25,0,61,357,145,206,142,303,0.469,1002.0
203507,Giannis Antetokounmpo,Bucks,6-11,243,Forward,Giannis Antetokounmpo,2024-25,1610612749,67,2036,433,798,793,1319,0.601,2289.0
1630175,Cole Anthony,Grizzlies,6-2,185,Guard,Cole Anthony,2024-25,1610612753,67,630,191,204,230,543,0.424,1234.0
1628384,OG Anunoby,Knicks,6-7,240,Forward-Guard,OG Anunoby,2024-25,1610612752,74,1332,164,358,489,1027,0.476,2706.0
1630166,Deni Avdija,Trail Blazers,6-9,240,Forward,Deni Avdija,2024-25,1610612757,72,1219,281,522,402,844,0.476,2161.0
1629028,Deandre Ayton,Trail Blazers,7-0,252,Center,Deandre Ayton,2024-25,1610612757,40,576,64,406,265,468,0.566,1206.0
1630542,Marcus Bagley,,6-6,217,Forward,Marcus Bagley,2024-25,1610612755,10,67,10,70,27,69,0.391,253.0
1628963,Marvin Bagley III,Grizzlies,6-10,235,Forward,Marvin Bagley III,2024-25,0,31,136,11,84,55,106,0.519,265.0
1631116,Patrick Baldwin Jr.,Clippers,6-9,220,Forward,Patrick Baldwin Jr.,2024-25,0,24,53,3,25,19,35,0.543,107.0
1630163,LaMelo Ball,Hornets,6-7,180,Guard,LaMelo Ball,2024-25,1610612766,47,1184,346,232,406,1003,0.405,1505.0
1628366,Lonzo Ball,Bulls,6-6,190,Guard,Lonzo Ball,2024-25,1610612741,35,267,115,118,89,243,0.366,777.0
1628964,Mo Bamba,,7-0,231,Center,Mo Bamba,2024-25,0,32,138,18,145,52,112,0.464,413.0
1631094,Paolo Banchero,Magic,6-10,250,Forward,Paolo Banchero,2024-25,1610612753,46,1191,219,345,412,911,0.452,1582.0
1630217,Desmond Bane,Magic,6-5,215,Guard,Desmond Bane,2024-25,1610612763,69,1327,369,418,493,1018,0.484,2205.0
1630625,Dalano Banton,Trail Blazers,6-8,203,Forward,Dalano Banton,2024-25,1610612757,67,559,160,135,198,507,0.391,1120.0
1631230,Dominick Barlow,Hawks,6-8,215,Forward,Dominick Barlow,2024-25,1610612737,35,148,19,85,60,113,0.531,375.0
203084,Harrison Barnes,Spurs,6-8,225,Forward,Harrison Barnes,2024-25,1610612759,82,1011,136,310,347,683,0.508,2230.0
1630567,Scottie Barnes,Raptors,6-7,237,Forward-Guard,Scottie Barnes,2024-25,1610612761,65,1252,378,502,474,1063,0.446,2134.0
1629628,RJ Barrett,Raptors,6-6,214,Forward-Guard,RJ Barrett,2024-25,1610612761,58,1223,314,366,460,982,0.468,1869.0
203078,Bradley Beal,Suns,6-4,207,Guard,Bradley Beal,2024-25,1610612756,53,902,195,177,345,694,0.497,1702.0
1627736,Malik Beasley,Pistons,6-4,187,Guard,Malik Beasley,2024-25,1610612765,82,1336,139,214,461,1071,0.43,2283.0
1630699,MarJon Beauchamp,Knicks,6-7,199,Forward,MarJon Beauchamp,2024-25,0,35,79,11,44,27,65,0.415,156.0
1641736,Reece Beekman,Nets,6-3,190,Guard,Reece Beekman,2024-25,0,36,93,63,39,35,107,0.327,469.0
1630180,Saddiq Bey,Wizards,6-7,215,Guard-Forward,Saddiq Bey,2023-24,1610612737,63,863,92,411,290,697,0.416,2062.0
1629048,Goga Bitadze,Magic,6-10,250,Center-Forward,Goga Bitadze,2024-25,1610612753,70,502,137,463,207,339,0.611,1429.0
202687,Bismack Biyombo,Spurs,6-8,255,Center,Bismack Biyombo,2024-25,1610612759,28,144,31,158,67,114,0.588,528.0
1641710,Anthony Black,Magic,6-7,200,Guard,Anthony Black,2024-25,1610612753,78,736,240,230,262,620,0.423,1887.0
203992,Bogdan Bogdanović,Clippers,6-5,225,Guard,Bogdan Bogdanović,2024-25,0,54,583,146,159,210,492,0.427,1348.0
1629626,Bol Bol,Suns,7-3,220,Center-Forward,Bol Bol,2024-25,1610612756,36,244,22,104,96,183,0.525,448.0
1641737,Adem Bona,76ers,6-10,235,Forward,Adem Bona,2024-25,1610612755,58,337,27,245,135,192,0.703,905.0
1626164,Devin Booker,Suns,6-6,206,Guard,Devin Booker,2024-25,1610612756,75,1923,529,305,654,1420,0.461,2795.0
1630527,Brandon Boston,Pelicans,6-6,188,Guard,Brandon Boston,2024-25,1610612740,42,448,92,134,166,381,0.436,993.0
1628449,Chris Boucher,Raptors,6-9,200,Forward,Chris Boucher,2024-25,1610612761,50,502,33,224,182,370,0.492,862.0
1631123,Jamaree Bouyea,Bucks,6-2,180,Guard,Jamaree Bouyea,2024-25,1610612749,5,17,10,5,6,12,0.5,62.0
1628396,Tony Bradley,Pacers,6-11,248,Center-Forward,Tony Bradley,2024-25,1610612754,14,61,6,42,29,45,0.644,113.0
1631103,Malaki Branham,Spurs,6-4,180,Forward,Malaki Branham,2024-25,1610612759,47,235,38,51,87,190,0.458,427.0
1631128,Christian Braun,Nuggets,6-6,220,Guard,Christian Braun,2024-25,1610612743,79,1218,205,410,476,821,0.58,2675.0
1641779,Jalen Bridges,Suns,6-8,225,Forward,Jalen Bridges,2024-25,1610612756,8,9,0,4,2,7,0.286,30.0
1628969,Mikal Bridges,Knicks,6-6,209,Guard-Forward,Mikal Bridges,2024-25,1610612752,82,1444,306,259,592,1183,0.5,3036.0
1628970,Miles Bridges,Hornets,6-7,225,Forward,Miles Bridges,2024-25,1610612766,64,1300,248,481,469,1089,0.431,2029.0
1629052,Oshae Brissett,,6-7,210,Forward-Guard,Oshae Brissett,2024-25,1610612755,6,52,4,22,19,39,0.487,142.0
1627763,Malcolm Brogdon,Wizards,6-4,229,Guard,Malcolm Brogdon,2024-25,1610612764,24,305,98,91,104,240,0.433,564.0
1628415,Dillon Brooks,Rockets,6-6,225,Guard-Forward,Dillon Brooks,2024-25,1610612745,75,1053,128,275,384,895,0.429,2388.0
1631232,Keion Brooks Jr.,Pelicans,6-7,210,Forward,Keion Brooks Jr.,2024-25,1610612740,14,142,13,58,53,109,0.486,332.0
1628971,Bruce Brown,Pelicans,6-4,202,Guard-Forward,Bruce Brown,2024-25,0,41,340,84,164,130,309,0.421,922.0
1627759,Jaylen Brown,Celtics,6-6,223,Guard-Forward,Jaylen Brown,2024-25,1610612738,63,1398,286,368,518,1118,0.463,2158.0
1641738,Kobe Brown,Clippers,6-7,250,Forward,Kobe Brown,2024-25,1610612746,40,77,24,65,33,72,0.458,272.0
1629650,Moses Brown,,7-2,258,Center,Moses Brown,2024-25,0,13,76,2,44,34,49,0.694,119.0
1628973,Jalen Brunson,Knicks,6-2,190,Guard,Jalen Brunson,2024-25,1610612752,65,1690,475,187,585,1200,0.487,2301.0
1628418,Thomas Bryant,Pacers,6-10,248,Center-Forward,Thomas Bryant,2024-25,0,66,429,53,251,163,321,0.508,963.0
1641723,Kobe Bufkin,Hawks,6-4,195,Guard,Kobe Bufkin,2024-25,1610612737,10,53,17,21,18,47,0.383,124.0
202692,Alec Burks,Heat,6-5,214,Guard,Alec Burks,2024-25,1610612748,49,356,55,124,115,271,0.424,864.0
1630215,Jared Butler,76ers,6-3,193,Guard,Jared Butler,2024-25,0,60,541,220,110,203,453,0.448,1044.0
202710,Jimmy Butler III,Warriors,6-7,230,Forward,Jimmy Butler III,2024-25,0,55,964,298,296,301,597,0.504,1746.0
1641824,Matas Buzelis,Bulls,6-10,209,Forward,Matas Buzelis,2024-25,1610612741,80,688,79,278,252,555,0.454,1511.0
1631288,Jamal Cain,Pelicans,6-6,191,Forward,Jamal Cain,2024-25,1610612740,37,196,22,85,68,158,0.43,502.0
203484,Kentavious Caldwell-Pope,Grizzlies,6-5,204,Guard,Kentavious Caldwell-Pope,2024-25,1610612753,77,673,136,169,239,544,0.439,2279.0
1641739,Toumani Camara,Trail Blazers,6-7,229,Forward,Toumani Camara,2024-25,1610612757,78,882,175,450,328,716,0.458,2548.0
203991,Clint Capela,Hawks,6-10,256,Center,Clint Capela,2024-25,1610612737,55,488,62,469,218,390,0.559,1176.0
1642382,Branden Carlson,Thunder,7-0,220,Center,Branden Carlson,2024-25,1610612760,32,122,14,54,43,97,0.443,246.0
1642267,Bub Carrington,Wizards,6-4,190,Guard,Bub Carrington,2024-25,1610612764,82,807,364,341,300,748,0.401,2458.0
1642269,Devin Carter,Kings,6-2,195,Guard,Devin Carter,2024-25,1610612758,36,138,41,76,47,127,0.37,396.0
1628975,Jevon Carter,Bulls,6-1,200,Guard,Jevon Carter,2024-25,1610612741,36,153,40,39,55,146,0.377,321.0
1628976,Wendell Carter Jr.,Magic,6-10,270,Center-Forward,Wendell Carter Jr.,2024-25,1610612753,68,618,134,492,226,491,0.46,1758.0
1630618,D.J. Carton,,6-3,200,Guard,D.J. Carton,2024-25,1610612761,4,3,3,4,1,7,0.143,33.0
1627936,Alex Caruso,Thunder,6-5,186,Guard,Alex Caruso,2024-25,1610612760,54,382,137,159,140,314,0.446,1041.0
1642264,Stephon Castle,Spurs,6-6,215,Guard,Stephon Castle,2024-25,1610612759,81,1190,332,297,423,988,0.428,2162.0
1630658,Colin Castleton,Raptors,6-10,250,Center,Colin Castleton,2024-25,0,26,123,28,122,46,98,0.469,432.0
1630577,Julian Champagnie,Spurs,6-7,217,Forward,Julian Champagnie,2024-25,1610612759,82,815,111,318,276,665,0.415,1932.0
1630551,Justin Champagnie,Wizards,6-6,206,Guard-Forward,Justin Champagnie,2024-25,1610612764,62,544,60,351,210,411,0.511,1341.0
1642279,Ulrich Chomche,Raptors,6-11,235,Center,Ulrich Chomche,2024-25,1610612761,7,5,2,8,2,5,0.4,32.0
1642353,Cam Christie,Clippers,6-6,190,Guard,Cam Christie,2024-25,1610612746,13,18,6,12,7,24,0.292,59.0
1631108,Max Christie,Mavericks,6-5,190,Guard,Max Christie,2024-25,0,78,749,146,258,252,590,0.427,2127.0
1630528,Josh Christopher,Heat,6-4,215,Guard,Josh Christopher,2024-25,1610612748,14,28,8,9,11,31,0.355,69.0
1631321,Sidy Cissoko,Trail Blazers,6-6,200,Guard,Sidy Cissoko,2024-25,0,22,32,15,21,13,30,0.433,114.0
1641740,Jaylen Clark,Timberwolves,6-4,205,Guard,Jaylen Clark,2024-25,1610612750,40,163,26,53,56,120,0.467,522.0
1629634,Brandon Clarke,Grizzlies,6-8,215,Forward,Brandon Clarke,2024-25,1610612763,64,534,66,326,236,380,0.621,1207.0
203903,Jordan Clarkson,Jazz,6-3,194,Guard,Jordan Clarkson,2024-25,1610612762,37,600,138,118,201,493,0.408,962.0
1629651,Nic Claxton,Nets,6-11,215,Center,Nic Claxton,2024-25,1610612751,70,724,157,515,320,568,0.563,1882.0
1642270,Donovan Clingan,Trail Blazers,7-2,280,Center,Donovan Clingan,2024-25,1610612757,67,436,77,527,180,334,0.539,1324.0
1641730,Noah Clowney,Nets,6-9,210,Forward-Center,Noah Clowney,2024-25,1610612751,46,420,40,181,133,372,0.358,1042.0
1629599,Amir Coffey,Clippers,6-7,210,Guard-Forward,Amir Coffey,2024-25,1610612746,72,696,77,161,240,510,0.471,1748.0
1642268,Isaiah Collier,Jazz,6-3,210,Guard,Isaiah Collier,2024-25,1610612762,71,615,446,235,234,555,0.422,1839.0
1628381,John Collins,Jazz,6-9,226,Forward-Center,John Collins,2024-25,1610612762,40,758,80,327,280,531,0.527,1221.0
1641879,Yuri Collins,,6-0,190,Guard,Yuri Collins,2024-25,1610612744,2,2,4,3,1,3,0.333,16.0
1628380,Zach Collins,Bulls,6-11,250,Forward-Center,Zach Collins,2024-25,0,64,407,111,288,153,302,0.507,977.0
201144,Mike Conley,Timberwolves,6-0,175,Guard,Mike Conley,2024-25,1610612750,71,582,319,182,187,468,0.4,1756.0
1626192,Pat Connaughton,Bucks,6-5,209,Guard,Pat Connaughton,2024-25,1610612749,41,216,70,109,83,177,0.469,603.0
1641731,Bilal Coulibaly,Wizards,6-8,195,Guard,Bilal Coulibaly,2024-25,1610612764,59,727,199,294,263,624,0.421,1948.0
1641741,Ricky Council IV,76ers,6-6,207,Guard,Ricky Council IV,2024-25,1610612755,73,532,97,214,177,463,0.382,1250.0
1628470,Torrey Craig,Celtics,6-5,221,Forward,Torrey Craig,2024-25,0,26,108,17,73,38,90,0.422,314.0
1642384,Isaiah Crawford,Kings,6-6,220,Forward,Isaiah Crawford,2024-25,1610612758,15,13,1,8,5,11,0.455,46.0
203109,Jae Crowder,Kings,6-6,235,Forward,Jae Crowder,2024-25,1610612758,9,23,6,20,7,22,0.318,103.0
1630595,Cade Cunningham,Pistons,6-6,220,Guard,Cade Cunningham,2024-25,1610612765,70,1830,638,425,684,1457,0.469,2452.0
203552,Seth Curry,Hornets,6-1,185,Guard,Seth Curry,2024-25,1610612766,68,444,60,113,164,343,0.478,1062.0
201939,Stephen Curry,Warriors,6-2,185,Guard,Stephen Curry,2024-25,1610612744,70,1718,421,310,564,1258,0.448,2252.0
1642359,Pacome Dadiet,Knicks,6-8,210,Forward,Pacome Dadiet,2024-25,1610612752,18,30,5,18,10,31,0.323,111.0
1630700,Dyson Daniels,Hawks,6-7,199,Guard,Dyson Daniels,2024-25,1610612737,76,1073,333,449,455,923,0.493,2571.0
1642368,N'Faly Dante,Rockets,6-11,230,Center,N'Faly Dante,2024-25,1610612745,4,24,2,21,10,13,0.769,51.0
203076,Anthony Davis,Mavericks,6-10,253,Forward-Center,Anthony Davis,2024-25,0,51,1261,181,590,470,910,0.516,1705.0
1631098,Johnny Davis,,6-4,195,Guard,Johnny Davis,2024-25,1610612764,34,80,11,38,32,78,0.41,242.0
1631120,JD Davison,Celtics,6-1,195,Guard,JD Davison,2024-25,1610612738,16,33,13,13,12,34,0.353,93.0
201942,DeMar DeRozan,Kings,6-6,220,Guard-Forward,DeMar DeRozan,2024-25,1610612758,77,1710,342,298,624,1308,0.477,2768.0
1642484,RayJ Dennis,Pacers,6-2,180,Guard,RayJ Dennis,2024-25,1610612754,11,30,14,12,11,33,0.333,70.0
1628978,Donte DiVincenzo,Timberwolves,6-4,203,Guard,Donte DiVincenzo,2024-25,1610612750,62,723,225,228,250,593,0.422,1606.0
1631217,Moussa Diabaté,Hornets,6-9,210,Forward,Moussa Diabaté,2024-25,1610612766,71,403,56,438,167,280,0.596,1241.0
1641711,Gradey Dick,Raptors,6-6,200,Guard-Forward,Gradey Dick,2024-25,1610612761,54,777,98,193,265,647,0.41,1587.0
1631172,Ousmane Dieng,Thunder,6-9,185,Forward,Ousmane Dieng,2024-25,1610612760,37,142,31,81,54,125,0.432,405.0
1642265,Rob Dillingham,Timberwolves,6-3,175,Guard,Rob Dillingham,2024-25,1610612750,49,219,98,50,93,211,0.441,516.0
203915,Spencer Dinwiddie,Mavericks,6-5,215,Guard,Spencer Dinwiddie,2024-25,1610612742,79,872,349,209,284,682,0.416,2136.0
1629029,Luka Dončić,Lakers,6-6,230,Forward-Guard,Luka Dončić,2024-25,0,50,1408,383,409,461,1025,0.45,1769.0
1629652,Luguentz Dort,Thunder,6-4,220,Guard,Luguentz Dort,2024-25,1610612760,71,719,115,293,258,593,0.435,2073.0
1630245,Ayo Dosunmu,Bulls,6-5,200,Guard,Ayo Dosunmu,2024-25,1610612741,46,566,208,161,221,449,0.492,1394.0
1630288,Jeff Dowtin Jr.,76ers,6-3,177,Guard,Jeff Dowtin Jr.,2024-25,1610612755,41,285,78,60,112,230,0.487,621.0
1628408,PJ Dozier,,6-6,205,Guard-Forward,PJ Dozier,2024-25,1610612750,9,7,5,5,2,3,0.667,35.0
203083,Andre Drummond,76ers,6-11,279,Center,Andre Drummond,2024-25,1610612755,40,293,34,310,117,234,0.5,751.0
1630537,Chris Duarte,,6-5,190,Guard,Chris Duarte,2024-25,1610612741,17,36,9,20,12,26,0.462,74.0
1642505,Alex Ducas,Thunder,6-7,220,Guard,Alex Ducas,2024-25,1610612760,21,36,5,26,12,30,0.4,125.0
1630561,David Duke Jr.,Spurs,6-4,204,Guard,David Duke Jr.,2024-25,1610612759,6,16,4,5,6,14,0.429,34.0
1627739,Kris Dunn,Clippers,6-3,205,Guard,Kris Dunn,2024-25,1610612746,74,474,210,251,192,437,0.439,1783.0
1642346,Ryan Dunn,Suns,6-8,216,Forward,Ryan Dunn,2024-25,1610612756,74,511,57,267,205,477,0.43,1410.0
201142,Kevin Durant,Suns,6-11,240,Forward,Kevin Durant,2024-25,1610612756,62,1647,263,374,592,1124,0.527,2265.0
1631105,Jalen Duren,Pistons,6-10,250,Center,Jalen Duren,2024-25,1610612765,78,918,209,807,378,546,0.692,2034.0
1631106,Tari Eason,Rockets,6-8,215,Forward,Tari Eason,2024-25,1610612745,57,686,83,362,272,559,0.487,1420.0
1641744,Zach Edey,Grizzlies,7-4,305,Center,Zach Edey,2024-25,1610612763,66,610,65,548,251,433,0.58,1416.0
1630162,Anthony Edwards,Timberwolves,6-4,225,Guard,Anthony Edwards,2024-25,1610612750,79,2177,359,450,721,1612,0.447,2871.0
1642399,Jesse Edwards,Timberwolves,7-0,236,Center,Jesse Edwards,2024-25,1610612750,2,0,1,0,0,0,0.0,5.0
1642348,Justin Edwards,76ers,6-7,203,Forward,Justin Edwards,2024-25,1610612755,44,445,69,148,172,378,0.455,1155.0
1630556,Kessler Edwards,Mavericks,6-7,203,Forward,Kessler Edwards,2024-25,1610612742,40,168,42,115,67,135,0.496,608.0
1631165,Keon Ellis,Kings,6-4,175,Guard,Keon Ellis,2024-25,1610612758,80,666,120,212,227,464,0.489,1948.0
203954,Joel Embiid,76ers,7-0,280,Center-Forward,Joel Embiid,2024-25,1610612755,19,452,85,155,140,315,0.444,574.0
1630623,Tyson Etienne,Nets,6-2,200,Guard,Tyson Etienne,2024-25,1610612751,7,55,12,9,17,52,0.327,151.0
1629234,Drew Eubanks,Clippers,6-10,245,Forward-Center,Drew Eubanks,2024-25,0,61,280,54,226,115,194,0.593,746.0
1641787,Tosan Evbuomwan,Nets,6-7,217,Forward,Tosan Evbuomwan,2024-25,1610612751,28,267,55,120,94,220,0.427,665.0
203957,Danté Exum,Mavericks,6-5,214,Guard,Danté Exum,2024-25,1610612742,20,174,56,33,64,134,0.478,372.0
1628981,Bruno Fernando,,6-9,240,Forward-Center,Bruno Fernando,2024-25,1610612761,17,58,18,51,26,49,0.531,147.0
1642271,Kyle Filipowski,Jazz,6-11,250,Center,Kyle Filipowski,2024-25,1610612762,72,690,140,440,260,518,0.502,1522.0
1627827,Dorian Finney-Smith,Lakers,6-7,220,Forward,Dorian Finney-Smith,2024-25,0,63,549,90,247,195,435,0.448,1819.0
1641745,Adam Flagler,Thunder,6-3,180,Guard,Adam Flagler,2024-25,1610612760,37,65,12,27,25,96,0.26,203.0
1642280,Trentyn Flowers,Clippers,6-9,185,Forward,Trentyn Flowers,2024-25,1610612746,6,11,0,4,4,11,0.364,27.0
1630201,Malachi Flynn,,6-1,185,Guard,Malachi Flynn,2024-25,1610612766,4,16,7,7,5,13,0.385,44.0
1631323,Simone Fontecchio,Pistons,6-7,209,Forward,Simone Fontecchio,2024-25,1610612765,75,446,65,215,150,373,0.402,1237.0
1628368,De'Aaron Fox,Spurs,6-3,185,Guard,De'Aaron Fox,2024-25,0,62,1459,392,298,539,1163,0.463,2241.0
1642402,Enrique Freeman,Pacers,6-7,220,Forward,Enrique Freeman,2024-25,1610612754,22,46,9,30,16,37,0.432,181.0
1628365,Markelle Fultz,Kings,6-4,209,Guard,Markelle Fultz,2024-25,1610612758,21,61,27,20,28,67,0.418,184.0
1642277,Johnny Furphy,Pacers,6-9,200,Guard,Johnny Furphy,2024-25,1610612754,50,103,19,71,35,92,0.38,379.0
1629655,Daniel Gafford,Mavericks,6-10,265,Forward-Center,Daniel Gafford,2024-25,1610612742,57,701,80,388,283,403,0.702,1226.0
1629636,Darius Garland,Cavaliers,6-1,192,Guard,Darius Garland,2024-25,1610612739,75,1544,506,214,554,1174,0.472,2301.0
1630585,Marcus Garrett,,6-5,205,Guard,Marcus Garrett,2024-25,1610612766,4,28,13,6,11,27,0.407,79.0
1641718,Keyonte George,Jazz,6-4,185,Guard,Keyonte George,2024-25,1610612762,67,1125,377,253,359,919,0.391,2108.0
1642273,Kyshawn George,Wizards,6-8,200,Forward,Kyshawn George,2024-25,1610612764,68,590,169,285,203,546,0.372,1802.0
202331,Paul George,76ers,6-8,220,Forward,Paul George,2024-25,1610612755,41,665,178,219,245,570,0.43,1334.0
201959,Taj Gibson,Hornets,6-9,232,Forward,Taj Gibson,2024-25,1610612766,37,107,21,120,47,95,0.495,409.0
1630581,Josh Giddey,Bulls,6-8,216,Guard,Josh Giddey,2024-25,1610612741,70,1022,503,566,371,798,0.465,2117.0
1628983,Shai Gilgeous-Alexander,Thunder,6-6,195,Guard,Shai Gilgeous-Alexander,2024-25,1610612760,76,2484,486,379,860,1656,0.519,2598.0
1630264,Anthony Gill,Wizards,6-8,230,Forward,Anthony Gill,2024-25,1610612764,51,129,16,66,43,88,0.489,398.0
1631221,Collin Gillespie,Suns,6-1,195,Guard,Collin Gillespie,2024-25,1610612756,33,194,78,78,68,158,0.43,461.0
203497,Rudy Gobert,Timberwolves,7-1,258,Center,Rudy Gobert,2024-25,1610612750,72,866,127,785,341,510,0.669,2388.0
1630692,Jordan Goodwin,Lakers,6-5,215,Guard,Jordan Goodwin,2024-25,1610612747,29,161,42,112,63,144,0.438,543.0
203932,Aaron Gordon,Nuggets,6-8,235,Forward,Aaron Gordon,2024-25,1610612743,51,748,164,247,264,497,0.531,1447.0
201569,Eric Gordon,76ers,6-3,215,Guard,Eric Gordon,2024-25,1610612755,39,266,65,46,87,204,0.426,769.0
1641789,Jazian Gortman,,6-2,184,Guard,Jazian Gortman,2024-25,1610612742,16,24,6,5,9,23,0.391,57.0
203924,Jerami Grant,Trail Blazers,6-7,210,Forward,Jerami Grant,2024-25,1610612757,47,677,101,163,214,574,0.373,1524.0
1631260,AJ Green,Bucks,6-4,190,Guard,AJ Green,2024-25,1610612749,73,541,108,174,182,424,0.429,1659.0
203110,Draymond Green,Warriors,6-6,230,Forward,Draymond Green,2024-25,1610612744,68,613,383,414,216,509,0.424,1983.0
1630224,Jalen Green,Rockets,6-4,186,Guard,Jalen Green,2024-25,1610612745,82,1723,282,377,608,1437,0.423,2697.0
1629750,Javonte Green,Cavaliers,6-5,205,Guard,Javonte Green,2024-25,0,68,347,56,218,123,287,0.429,1258.0
201145,Jeff Green,Rockets,6-8,235,Forward,Jeff Green,2024-25,1610612745,32,172,20,58,61,121,0.504,396.0
1630182,Josh Green,Hornets,6-5,200,Guard,Josh Green,2024-25,1610612766,68,506,108,172,180,421,0.428,1888.0
1629656,Quentin Grimes,76ers,6-4,210,Guard,Quentin Grimes,2024-25,0,75,1092,228,324,384,823,0.467,2013.0
1631243,Mouhamed Gueye,Hawks,6-10,210,Forward,Mouhamed Gueye,2024-25,1610612737,33,197,27,139,72,171,0.421,533.0
1629060,Rui Hachimura,Lakers,6-8,230,Forward,Rui Hachimura,2024-25,1610612747,59,775,83,295,293,576,0.509,1869.0
1630169,Tyrese Haliburton,Pacers,6-5,185,Guard,Tyrese Haliburton,2024-25,1610612754,73,1359,673,258,476,1006,0.473,2450.0
1641790,PJ Hall,Nuggets,6-10,245,Center,PJ Hall,2024-25,1610612743,19,33,4,22,14,24,0.583,66.0
203501,Tim Hardaway Jr.,Pistons,6-5,205,Guard-Forward,Tim Hardaway Jr.,2024-25,1610612765,77,844,123,183,276,680,0.406,2153.0
201935,James Harden,Clippers,6-5,220,Guard,James Harden,2024-25,1610612746,79,1802,687,456,531,1295,0.41,2789.0
1630702,Jaden Hardy,Mavericks,6-3,198,Guard,Jaden Hardy,2024-25,1610612742,57,496,81,89,180,414,0.435,907.0
1641989,Elijah Harkless,Jazz,6-3,195,Guard,Elijah Harkless,2024-25,1610612762,10,32,8,21,11,35,0.314,138.0
1631199,Ron Harper Jr.,Pistons,6-4,233,Guard-Forward,Ron Harper Jr.,2024-25,1610612765,1,4,2,7,1,8,0.125,17.0
203914,Gary Harris,Magic,6-4,210,Guard,Gary Harris,2024-25,1610612753,48,145,30,64,51,133,0.383,711.0
202699,Tobias Harris,Pistons,6-8,226,Forward,Tobias Harris,2024-25,1610612765,73,1002,162,432,384,805,0.477,2305.0
1628404,Josh Hart,Knicks,6-4,215,Guard,Josh Hart,2024-25,1610612752,77,1051,453,737,404,770,0.525,2897.0
1628392,Isaiah Hartenstein,Thunder,7-0,250,Center-Forward,Isaiah Hartenstein,2024-25,1610612760,57,637,219,611,279,480,0.581,1590.0
1630573,Sam Hauser,Celtics,6-7,217,Forward,Sam Hauser,2024-25,1610612738,71,605,64,224,214,474,0.451,1541.0
1641722,Jordan Hawkins,Pelicans,6-5,190,Guard,Jordan Hawkins,2024-25,1610612740,56,604,66,158,207,556,0.372,1320.0
1629637,Jaxson Hayes,Lakers,7-0,220,Center-Forward,Jaxson Hayes,2024-25,1610612747,56,383,58,269,161,223,0.722,1093.0
1630165,Killian Hayes,,6-5,195,Guard,Killian Hayes,2024-25,1610612751,6,54,31,18,18,43,0.419,162.0
1630703,Scoot Henderson,Trail Blazers,6-3,206,Guard,Scoot Henderson,2024-25,1610612757,66,837,335,198,287,685,0.419,1759.0
1641707,Taylor Hendricks,Jazz,6-9,215,Forward,Taylor Hendricks,2024-25,1610612762,3,14,2,15,4,18,0.222,75.0
1629639,Tyler Herro,Heat,6-5,195,Guard,Tyler Herro,2024-25,1610612748,77,1840,424,399,651,1378,0.472,2725.0
1627741,Buddy Hield,Warriors,6-4,220,Guard,Buddy Hield,2024-25,1610612744,82,912,134,264,328,786,0.417,1863.0
1629312,Haywood Highsmith,Heat,6-5,220,Forward,Haywood Highsmith,2024-25,1610612748,74,478,112,252,179,391,0.458,1818.0
1628988,Aaron Holiday,Rockets,6-0,185,Guard,Aaron Holiday,2024-25,1610612745,62,340,83,78,117,268,0.437,792.0
201950,Jrue Holiday,Celtics,6-4,205,Guard,Jrue Holiday,2024-25,1610612738,62,686,239,265,254,573,0.443,1896.0
1641842,Ronald Holland II,Pistons,6-8,206,Forward,Ronald Holland II,2024-25,1610612765,81,522,82,218,197,416,0.474,1266.0
1626158,Richaun Holmes,Wizards,6-9,235,Forward,Richaun Holmes,2024-25,1610612764,31,230,42,177,90,139,0.647,534.0
1631096,Chet Holmgren,Thunder,7-1,208,Center-Forward,Chet Holmgren,2024-25,1610612760,32,479,63,257,167,341,0.49,877.0
1641720,Jalen Hood-Schifino,76ers,6-5,210,Guard,Jalen Hood-Schifino,2024-25,0,15,106,37,27,37,98,0.378,315.0
201143,Al Horford,Celtics,6-9,240,Center-Forward,Al Horford,2024-25,1610612738,60,538,128,369,195,461,0.423,1659.0
1629659,Talen Horton-Tucker,Bulls,6-4,234,Guard,Talen Horton-Tucker,2024-25,1610612741,58,379,83,100,133,291,0.457,724.0
1631216,Caleb Houstan,Magic,6-8,205,Guard,Caleb Houstan,2024-25,1610612753,58,239,35,75,80,190,0.421,788.0
1641724,Jett Howard,Magic,6-6,215,Guard,Jett Howard,2024-25,1610612753,60,267,44,70,98,262,0.374,701.0
1628989,Kevin Huerter,Bulls,6-7,198,Guard-Forward,Kevin Huerter,2024-25,0,69,681,156,205,257,604,0.425,1679.0
1630643,Jay Huff,Grizzlies,7-1,240,Center,Jay Huff,2024-25,1610612763,64,439,38,129,157,305,0.515,748.0
1630574,Ariel Hukporti,Knicks,6-11,246,Center,Ariel Hukporti,2024-25,1610612752,25,48,11,51,21,31,0.677,217.0
1629631,De'Andre Hunter,Cavaliers,6-8,221,Forward-Guard,De'Andre Hunter,2024-25,0,64,1088,92,258,358,762,0.47,1740.0
1630538,Bones Hyland,Timberwolves,6-2,169,Guard,Bones Hyland,2024-25,0,24,149,32,25,47,118,0.398,239.0
1642345,Oso Ighodaro,Suns,7-0,235,Forward,Oso Ighodaro,2024-25,1610612756,61,255,71,222,113,187,0.604,1046.0
204060,Joe Ingles,Timberwolves,6-8,220,Forward-Guard,Joe Ingles,2024-25,1610612750,19,15,23,11,6,23,0.261,114.0
1627742,Brandon Ingram,Raptors,6-8,190,Forward,Brandon Ingram,2024-25,1610612740,18,400,93,100,155,333,0.465,595.0
1631127,Harrison Ingram,Spurs,6-5,230,Forward,Harrison Ingram,2024-25,1610612759,5,4,3,9,2,4,0.5,35.0
202681,Kyrie Irving,Mavericks,6-2,195,Guard,Kyrie Irving,2024-25,1610612742,50,1234,231,240,447,945,0.473,1804.0
1628371,Jonathan Isaac,Magic,6-10,230,Forward,Jonathan Isaac,2024-25,1610612753,71,380,40,314,134,324,0.414,1090.0
1631093,Jaden Ivey,Pistons,6-4,195,Guard,Jaden Ivey,2024-25,1610612765,30,528,119,124,190,413,0.46,898.0
1641713,GG Jackson,Grizzlies,6-9,210,Forward,GG Jackson,2024-25,1610612763,29,209,29,92,74,199,0.372,459.0
1630543,Isaiah Jackson,Pacers,6-9,205,Forward,Isaiah Jackson,2024-25,1610612754,5,35,5,28,14,23,0.609,84.0
1631245,Quenton Jackson,Pacers,6-5,173,Guard,Quenton Jackson,2024-25,1610612754,28,162,53,44,58,122,0.475,381.0
202704,Reggie Jackson,,6-2,208,Guard,Reggie Jackson,2024-25,1610612755,31,136,45,42,52,133,0.391,384.0
1641748,Andre Jackson Jr.,Bucks,6-6,209,Guard,Andre Jackson Jr.,2024-25,1610612749,67,230,83,182,94,197,0.477,980.0
1628991,Jaren Jackson Jr.,Grizzlies,6-10,242,Forward-Center,Jaren Jackson Jr.,2024-25,1610612763,74,1641,148,417,592,1213,0.488,2207.0
1631218,Trayce Jackson-Davis,Warriors,6-9,245,Forward,Trayce Jackson-Davis,2024-25,1610612744,62,407,104,311,174,302,0.576,967.0
1642355,Bronny James,Lakers,6-3,210,Guard,Bronny James,2024-25,1610612747,27,62,22,18,21,67,0.313,181.0
2544,LeBron James,Lakers,6-9,250,Forward,LeBron James,2024-25,1610612747,70,1710,575,546,651,1270,0.513,2444.0
1631170,Jaime Jaquez Jr.,Heat,6-6,225,Guard,Jaime Jaquez Jr.,2024-25,1610612748,66,570,166,290,213,462,0.461,1368.0
1629610,DaQuan Jeffries,Hornets,6-5,222,Guard-Forward,DaQuan Jeffries,2024-25,1610612766,47,315,53,135,118,291,0.405,1071.0
1641998,Trey Jemison III,Lakers,6-11,270,Center,Trey Jemison III,2024-25,0,38,95,16,105,41,74,0.554,392.0
1642450,Daniss Jenkins,Pistons,6-3,165,Guard,Daniss Jenkins,2024-25,1610612765,7,7,3,2,3,10,0.3,23.0
1629660,Ty Jerome,Cavaliers,6-5,195,Guard-Forward,Ty Jerome,2024-25,1610612739,70,878,237,173,319,618,0.516,1392.0
1630198,Isaiah Joe,Thunder,6-3,165,Guard,Isaiah Joe,2024-25,1610612760,74,756,119,196,259,588,0.44,1604.0
1642358,AJ Johnson,Wizards,6-5,160,Guard,AJ Johnson,2024-25,0,29,220,76,59,82,213,0.385,638.0
1629661,Cameron Johnson,Nets,6-8,210,Forward,Cameron Johnson,2024-25,1610612751,57,1070,194,247,355,747,0.475,1800.0
1630552,Jalen Johnson,Hawks,6-8,219,Forward,Jalen Johnson,2024-25,1610612737,36,680,181,359,271,542,0.5,1284.0
201949,James Johnson,Pacers,6-7,240,Forward,James Johnson,2024-25,1610612754,12,8,4,6,4,11,0.364,37.0
1629640,Keldon Johnson,Spurs,6-5,220,Forward-Guard,Keldon Johnson,2024-25,1610612759,77,979,125,371,371,770,0.482,1838.0
1630553,Keon Johnson,Nets,6-5,185,Guard,Keon Johnson,2024-25,1610612751,79,839,175,297,303,779,0.389,1925.0
1642352,Keshad Johnson,Heat,6-7,225,Forward,Keshad Johnson,2024-25,1610612748,16,43,4,28,18,26,0.692,98.0
203999,Nikola Jokić,Nuggets,6-11,284,Center,Nikola Jokić,2024-25,1610612743,70,2071,716,892,786,1364,0.576,2571.0
1641732,Colby Jones,Wizards,6-6,207,Guard,Colby Jones,2024-25,0,39,157,44,87,59,129,0.457,515.0
1641794,Dillon Jones,Thunder,6-5,235,Forward,Dillon Jones,2024-25,1610612760,54,135,58,121,51,133,0.383,552.0
1630529,Herbert Jones,Pelicans,6-7,206,Forward,Herbert Jones,2024-25,1610612740,20,205,65,78,75,172,0.436,648.0
1642403,Isaac Jones,Kings,6-9,245,Forward,Isaac Jones,2024-25,1610612758,40,134,12,57,54,83,0.651,304.0
1630539,Kai Jones,Mavericks,6-11,221,Center-Forward,Kai Jones,2024-25,0,40,198,25,125,87,109,0.798,468.0
1630222,Mason Jones,Kings,6-4,200,Guard,Mason Jones,2024-25,1610612758,10,23,11,9,9,18,0.5,45.0
1642461,Spencer Jones,Nuggets,6-7,225,Forward,Spencer Jones,2024-25,1610612743,20,26,5,17,11,34,0.324,125.0
1630200,Tre Jones,Bulls,6-1,185,Guard,Tre Jones,2024-25,0,46,330,192,116,128,238,0.538,905.0
1626145,Tyus Jones,Suns,6-1,196,Guard,Tyus Jones,2024-25,1610612756,81,829,429,196,306,683,0.448,2174.0
1627884,Derrick Jones Jr.,Clippers,6-6,210,Forward,Derrick Jones Jr.,2024-25,1610612746,77,781,60,263,310,589,0.526,1873.0
201599,DeAndre Jordan,Nuggets,6-11,265,Center,DeAndre Jordan,2024-25,1610612743,56,209,53,284,91,140,0.65,691.0
202709,Cory Joseph,Magic,6-2,200,Guard,Cory Joseph,2024-25,1610612753,50,177,72,74,62,154,0.403,612.0
1631107,Nikola Jović,Heat,6-10,205,Forward,Nikola Jović,2024-25,1610612748,46,494,131,180,172,377,0.456,1156.0
1630548,Johnny Juzang,Jazz,6-5,226,Guard,Johnny Juzang,2024-25,1610612762,64,571,68,184,204,475,0.429,1270.0
1642530,Yuki Kawamura,Grizzlies,5-8,159,Guard,Yuki Kawamura,2024-25,1610612763,22,36,19,12,11,30,0.367,93.0
1630283,Kylor Kelley,,7-0,230,Center,Kylor Kelley,2024-25,0,11,34,5,39,14,22,0.636,126.0
1628379,Luke Kennard,Grizzlies,6-5,206,Guard,Luke Kennard,2024-25,1610612763,65,576,215,183,206,431,0.478,1472.0
1631117,Walker Kessler,Jazz,7-0,245,Center,Walker Kessler,2024-25,1610612762,58,641,97,707,278,419,0.663,1740.0
1630296,Braxton Key,Warriors,6-8,225,Forward,Braxton Key,2024-25,1610612744,3,3,0,2,0,4,0.0,11.0
1630557,Corey Kispert,Wizards,6-6,224,Forward,Corey Kispert,2024-25,1610612764,61,705,103,181,255,565,0.451,1602.0
1628467,Maxi Kleber,Lakers,6-10,240,Forward,Maxi Kleber,2024-25,1610612742,34,103,43,95,37,96,0.385,637.0
1641752,Bobi Klintman,Pistons,6-9,225,Forward,Bobi Klintman,2024-25,1610612765,8,15,7,7,6,10,0.6,42.0
1642261,Dalton Knecht,Lakers,6-6,215,Forward,Dalton Knecht,2024-25,1610612747,78,706,66,216,257,557,0.461,1494.0
1628995,Kevin Knox II,Warriors,6-8,215,Forward,Kevin Knox II,2024-25,1610612744,14,46,5,17,18,36,0.5,84.0
1642278,Tyler Kolek,Knicks,6-3,195,Guard,Tyler Kolek,2024-25,1610612752,41,81,70,27,27,82,0.329,296.0
1631132,Christian Koloko,Lakers,7-0,225,Center,Christian Koloko,2024-25,1610612747,37,90,16,92,40,66,0.606,342.0
1629723,John Konchar,Grizzlies,6-5,210,Guard,John Konchar,2024-25,1610612763,46,112,42,151,41,91,0.451,558.0
1628436,Luke Kornet,Celtics,7-1,250,Center-Forward,Luke Kornet,2024-25,1610612738,73,441,117,388,187,280,0.668,1361.0
1630249,Vít Krejčí,Hawks,6-8,195,Guard,Vít Krejčí,2024-25,1610612737,57,412,147,156,145,292,0.497,1153.0
1630228,Jonathan Kuminga,Warriors,6-7,225,Forward,Jonathan Kuminga,2024-25,1610612744,47,719,104,217,258,568,0.454,1144.0
1628398,Kyle Kuzma,Bucks,6-9,221,Forward,Kyle Kuzma,2024-25,0,65,964,152,370,370,848,0.436,1936.0
1631222,Jake LaRavia,Kings,6-7,235,Forward,Jake LaRavia,2024-25,0,66,458,158,259,160,337,0.475,1349.0
203897,Zach LaVine,Kings,6-5,200,Guard,Zach LaVine,2024-25,0,74,1724,310,315,625,1223,0.511,2603.0
1627746,Skal Labissiere,,6-10,235,Forward-Center,Skal Labissiere,2024-25,1610612758,4,5,1,3,2,4,0.5,12.0
1629111,Jock Landale,Rockets,6-11,255,Center,Jock Landale,2024-25,1610612745,42,200,37,137,81,152,0.533,500.0
1641796,Pelle Larsson,Heat,6-5,215,Guard,Pelle Larsson,2024-25,1610612748,55,251,65,92,89,203,0.438,782.0
1630639,A.J. Lawson,Raptors,6-6,179,Guard,A.J. Lawson,2024-25,1610612761,26,236,31,86,80,190,0.421,486.0
1627747,Caris LeVert,Hawks,6-6,205,Guard,Caris LeVert,2024-25,0,64,776,215,203,280,599,0.467,1596.0
1627814,Damion Lee,Suns,6-6,210,Guard-Forward,Damion Lee,2024-25,1610612756,25,83,11,20,27,74,0.365,144.0
203458,Alex Len,Lakers,7-0,250,Center,Alex Len,2024-25,0,46,74,38,95,32,63,0.508,380.0
202695,Kawhi Leonard,Clippers,6-7,225,Forward,Kawhi Leonard,2024-25,1610612746,37,796,116,219,310,623,0.498,1180.0
1642502,Malevy Leons,,6-9,210,Forward,Malevy Leons,2024-25,1610612760,6,2,1,3,0,2,0.0,21.0
1641721,Maxwell Lewis,Nets,6-7,215,Forward,Maxwell Lewis,2024-25,0,28,116,19,55,45,108,0.417,328.0
1630604,E.J. Liddell,Bulls,6-6,240,Forward,E.J. Liddell,2024-25,1610612741,12,21,3,9,8,15,0.533,53.0
203081,Damian Lillard,Bucks,6-2,195,Guard,Damian Lillard,2024-25,1610612749,58,1447,410,272,444,992,0.448,2093.0
1641726,Dereck Lively II,Mavericks,7-1,230,Center,Dereck Lively II,2024-25,1610612742,36,314,85,270,134,191,0.702,833.0
1641753,Chris Livingston,Bucks,6-6,220,Forward,Chris Livingston,2024-25,1610612749,21,30,5,35,9,27,0.333,106.0
1626172,Kevon Looney,Warriors,6-9,222,Forward,Kevon Looney,2024-25,1610612744,76,344,118,462,143,278,0.514,1142.0
201572,Brook Lopez,Bucks,7-1,282,Center,Brook Lopez,2024-25,1610612749,80,1041,143,401,394,774,0.509,2546.0
201567,Kevin Love,Heat,6-8,251,Forward-Center,Kevin Love,2024-25,1610612748,23,122,22,94,41,115,0.357,251.0
200768,Kyle Lowry,76ers,6-0,196,Guard,Kyle Lowry,2024-25,1610612755,35,138,96,67,41,117,0.35,659.0
1641754,Seth Lundy,Clippers,6-4,220,Guard-Forward,Seth Lundy,2023-24,1610612737,9,14,0,7,4,17,0.235,52.0
1626168,Trey Lyles,Kings,6-9,234,Forward,Trey Lyles,2024-25,1610612758,69,451,82,316,157,374,0.42,1350.0
1630572,Sandro Mamukelashvili,Spurs,6-9,240,Forward-Center,Sandro Mamukelashvili,2024-25,1610612759,61,385,48,187,141,281,0.502,681.0
1629611,Terance Mann,Hawks,6-5,215,Guard-Forward,Terance Mann,2024-25,0,67,517,121,199,205,413,0.496,1414.0
1630544,Tre Mann,Hornets,6-3,178,Guard,Tre Mann,2024-25,1610612766,13,183,39,38,70,161,0.435,319.0
1628374,Lauri Markkanen,Jazz,7-0,240,Forward-Center,Lauri Markkanen,2024-25,1610612762,47,892,70,278,296,700,0.423,1476.0
1630230,Naji Marshall,Mavericks,6-6,220,Forward,Naji Marshall,2024-25,1610612742,69,914,208,328,362,712,0.508,1919.0
1628997,Caleb Martin,Mavericks,6-5,205,Forward,Caleb Martin,2024-25,0,45,356,95,177,129,304,0.424,1218.0
1628998,Cody Martin,Suns,6-6,205,Forward,Cody Martin,2024-25,0,53,358,105,224,136,325,0.418,1173.0
1641798,Jaylen Martin,Wizards,6-6,216,Guard,Jaylen Martin,2024-25,0,16,78,17,44,31,74,0.419,239.0
1630231,KJ Martin,Jazz,6-6,215,Forward,KJ Martin,2024-25,0,43,274,48,125,111,201,0.552,912.0
1631213,Tyrese Martin,Nets,6-6,215,Forward,Tyrese Martin,2024-25,1610612751,60,523,122,219,189,465,0.406,1315.0
1629726,Garrison Mathews,Hawks,6-6,215,Guard,Garrison Mathews,2024-25,1610612737,47,353,60,87,102,257,0.397,830.0
1631097,Bennedict Mathurin,Pacers,6-5,210,Guard-Forward,Bennedict Mathurin,2024-25,1610612754,72,1156,136,383,391,853,0.458,2149.0
1631255,Karlo Matković,Pelicans,6-10,231,Forward-Center,Karlo Matković,2024-25,1610612740,42,325,46,209,135,235,0.574,791.0
1630178,Tyrese Maxey,76ers,6-2,200,Guard,Tyrese Maxey,2024-25,1610612755,52,1369,317,174,477,1091,0.437,1960.0
1630540,Miles McBride,Knicks,6-1,195,Guard,Miles McBride,2024-25,1610612752,64,611,187,161,222,547,0.406,1593.0
1642272,Jared McCain,76ers,6-3,195,Guard,Jared McCain,2024-25,1610612755,23,352,60,56,126,274,0.46,592.0
1630644,Mac McClung,Magic,6-2,185,Guard,Mac McClung,2024-25,1610612753,2,0,3,1,0,2,0.0,10.0
203468,CJ McCollum,Pelicans,6-3,190,Guard,CJ McCollum,2024-25,1610612740,56,1183,227,212,444,1000,0.444,1832.0
204456,T.J. McConnell,Pacers,6-1,190,Guard,T.J. McConnell,2024-25,1610612754,79,720,351,193,324,624,0.519,1415.0
1641755,Kevin McCullar Jr.,Knicks,6-6,210,Guard,Kevin McCullar Jr.,2024-25,1610612752,4,6,2,8,2,7,0.286,29.0
1630183,Jaden McDaniels,Timberwolves,6-9,185,Forward,Jaden McDaniels,2024-25,1610612750,82,1000,163,470,398,834,0.477,2614.0
1629667,Jalen McDaniels,,6-9,190,Forward,Jalen McDaniels,2024-25,1610612764,4,0,1,0,0,0,0.0,7.0
203926,Doug McDermott,Kings,6-6,225,Forward,Doug McDermott,2024-25,1610612758,42,147,7,22,50,117,0.427,342.0
1631121,Bryce McGowens,Trail Blazers,6-6,190,Guard,Bryce McGowens,2024-25,1610612757,13,13,2,3,4,14,0.286,32.0
1629162,Jordan McLaughlin,Spurs,6-0,185,Guard,Jordan McLaughlin,2024-25,0,46,98,51,30,31,72,0.431,314.0
1629098,Jack McVeigh,Rockets,6-8,215,Guard-Forward,Jack McVeigh,2024-25,1610612745,9,14,1,5,5,17,0.294,43.0
1629001,De'Anthony Melton,Nets,6-3,200,Guard,De'Anthony Melton,2024-25,1610612744,6,62,17,20,22,54,0.407,121.0
1630241,Sam Merrill,Cavaliers,6-4,205,Guard,Sam Merrill,2024-25,1610612739,71,509,108,157,172,424,0.406,1401.0
203995,Vasilije Micić,Suns,6-3,188,Guard,Vasilije Micić,2024-25,0,41,269,128,89,95,273,0.348,785.0
203114,Khris Middleton,Wizards,6-7,222,Forward,Khris Middleton,2024-25,0,37,440,150,137,160,337,0.475,843.0
1641706,Brandon Miller,Hornets,6-7,200,Forward,Brandon Miller,2024-25,1610612766,27,568,98,131,198,491,0.403,924.0
1641801,Emanuel Miller,Bulls,6-7,215,Forward,Emanuel Miller,2024-25,1610612741,6,10,2,8,4,8,0.5,25.0
1641757,Jordan Miller,Clippers,6-5,194,Guard,Jordan Miller,2024-25,1610612746,37,152,34,58,58,134,0.433,420.0
1631159,Leonard Miller,Timberwolves,6-10,220,Forward,Leonard Miller,2024-25,1610612750,13,20,0,11,6,15,0.4,32.0
201988,Patty Mills,Clippers,6-2,180,Guard,Patty Mills,2024-25,0,29,111,26,22,36,96,0.375,321.0
1629003,Shake Milton,Lakers,6-5,205,Guard,Shake Milton,2024-25,0,57,315,102,104,115,254,0.453,836.0
1631303,Justin Minaya,Trail Blazers,6-5,205,Forward,Justin Minaya,2024-25,1610612757,19,18,7,10,8,21,0.381,101.0
1642434,Riley Minix,Spurs,6-7,230,Forward,Riley Minix,2024-25,1610612759,1,0,0,2,0,1,0.0,7.0
1631169,Josh Minott,Timberwolves,6-8,205,Forward,Josh Minott,2024-25,1610612750,46,119,18,47,44,90,0.489,276.0
1642274,Yves Missi,Pelicans,6-11,235,Center,Yves Missi,2024-25,1610612740,73,665,99,601,269,492,0.547,1956.0
1642349,Ajay Mitchell,Thunder,6-5,190,Guard,Ajay Mitchell,2024-25,1610612760,36,234,64,68,91,184,0.495,597.0
1630558,Davion Mitchell,Heat,6-0,202,Guard,Davion Mitchell,2024-25,0,74,588,363,167,223,476,0.468,2027.0
1628378,Donovan Mitchell,Cavaliers,6-3,215,Guard,Donovan Mitchell,2024-25,1610612739,71,1701,354,322,585,1320,0.443,2232.0
1630596,Evan Mobley,Cavaliers,6-11,215,Center,Evan Mobley,2024-25,1610612739,71,1316,226,659,505,906,0.557,2167.0
1642367,Jonathan Mogbo,Raptors,6-9,225,Forward,Jonathan Mogbo,2024-25,1610612761,63,389,146,311,156,356,0.438,1286.0
1628370,Malik Monk,Kings,6-3,200,Guard,Malik Monk,2024-25,1610612758,65,1117,362,245,412,939,0.439,2054.0
1630541,Moses Moody,Warriors,6-5,211,Guard,Moses Moody,2024-25,1610612744,74,724,96,189,246,568,0.433,1649.0
1631386,Tazé Moore,,6-5,195,Guard,Tazé Moore,2024-25,1610612757,2,6,1,8,2,10,0.2,20.0
1631111,Wendell Moore Jr.,Hornets,6-5,215,Guard,Wendell Moore Jr.,2024-25,0,36,150,42,95,59,126,0.468,499.0
1629630,Ja Morant,Grizzlies,6-2,174,Guard,Ja Morant,2024-25,1610612763,50,1159,364,205,404,889,0.454,1519.0
202693,Markieff Morris,Lakers,6-9,245,Forward,Markieff Morris,2024-25,0,15,56,21,23,21,70,0.3,164.0
1628420,Monté Morris,Suns,6-2,183,Guard,Monté Morris,2024-25,1610612756,45,233,73,67,83,195,0.426,571.0
1630530,Trey Murphy III,Pelicans,6-8,206,Forward,Trey Murphy III,2024-25,1610612740,53,1124,188,268,381,839,0.454,1854.0
1627749,Dejounte Murray,Pelicans,6-4,180,Guard,Dejounte Murray,2024-25,1610612740,31,542,228,200,194,494,0.393,1012.0
1627750,Jamal Murray,Nuggets,6-4,215,Guard,Jamal Murray,2024-25,1610612743,67,1436,403,261,531,1121,0.474,2418.0
1631099,Keegan Murray,Kings,6-8,225,Forward,Keegan Murray,2024-25,1610612758,76,942,109,507,364,820,0.444,2610.0
1631200,Kris Murray,Trail Blazers,6-8,216,Forward,Kris Murray,2024-25,1610612757,69,287,68,182,117,279,0.419,1040.0
1629004,Svi Mykhailiuk,Jazz,6-7,205,Guard-Forward,Svi Mykhailiuk,2024-25,1610612762,38,334,76,90,118,302,0.391,760.0
1631250,Pete Nance,Bucks,6-10,225,Forward,Pete Nance,2024-25,0,13,38,10,21,14,32,0.438,138.0
1626204,Larry Nance Jr.,Hawks,6-8,245,Forward-Center,Larry Nance Jr.,2024-25,1610612737,24,203,38,103,80,155,0.516,463.0
1629614,Andrew Nembhard,Pacers,6-4,191,Guard-Forward,Andrew Nembhard,2024-25,1610612754,65,653,326,216,247,539,0.458,1881.0
1630174,Aaron Nesmith,Pacers,6-6,215,Guard-Forward,Aaron Nesmith,2024-25,1610612754,45,541,54,178,192,379,0.507,1122.0
1641803,Tristen Newton,Timberwolves,6-5,190,Guard,Tristen Newton,2024-25,0,8,3,2,4,1,8,0.125,16.0
1627777,Georges Niang,Hawks,6-7,230,Forward,Georges Niang,2024-25,0,79,784,111,272,286,620,0.461,1697.0
1630227,Daishen Nix,,6-4,238,Guard,Daishen Nix,2024-25,1610612750,3,1,3,4,0,1,0.0,13.0
1630192,Zeke Nnaji,Nuggets,6-9,240,Forward-Center,Zeke Nnaji,2024-25,1610612743,57,184,23,90,70,141,0.496,608.0
1641936,Miles Norris,Celtics,6-7,220,Forward,Miles Norris,2024-25,1610612738,3,7,0,9,2,9,0.222,35.0
1629669,Jaylen Nowell,,6-4,201,Guard,Jaylen Nowell,2024-25,1610612740,8,67,18,20,26,73,0.356,168.0
203994,Jusuf Nurkić,Hornets,7-0,290,Center,Jusuf Nurkić,2024-25,0,51,453,115,398,168,352,0.477,1063.0
1626220,Royce O'Neale,Suns,6-6,226,Forward,Royce O'Neale,2024-25,1610612756,75,680,163,349,241,570,0.423,1837.0
1626143,Jahlil Okafor,,6-10,270,Center-Forward,Jahlil Okafor,2024-25,1610612754,1,0,1,1,0,0,0.0,3.0
1629643,Chuma Okeke,Cavaliers,6-7,229,Forward,Chuma Okeke,2024-25,0,9,53,15,47,20,40,0.5,197.0
1629006,Josh Okogie,Hornets,6-4,213,Guard,Josh Okogie,2024-25,0,40,283,33,113,94,212,0.443,625.0
1630168,Onyeka Okongwu,Hawks,6-10,240,Forward-Center,Onyeka Okongwu,2024-25,1610612737,74,988,168,660,388,684,0.567,2064.0
1630171,Isaac Okoro,Cavaliers,6-5,225,Forward-Guard,Isaac Okoro,2024-25,1610612739,55,337,68,130,124,267,0.464,1053.0
1642439,Quincy Olivari,,6-3,200,Guard,Quincy Olivari,2024-25,1610612747,2,3,1,0,1,5,0.2,10.0
203482,Kelly Olynyk,Pelicans,6-11,240,Forward-Center,Kelly Olynyk,2024-25,0,44,384,128,206,134,268,0.5,891.0
1626162,Kelly Oubre Jr.,76ers,6-8,203,Forward-Guard,Kelly Oubre Jr.,2024-25,1610612755,60,906,108,368,348,741,0.47,2078.0
101108,Chris Paul,Spurs,6-0,175,Guard,Chris Paul,2024-25,1610612759,82,723,605,296,249,583,0.427,2292.0
1626166,Cameron Payne,Knicks,6-3,183,Guard,Cameron Payne,2024-25,1610612752,72,500,203,104,179,446,0.401,1090.0
203901,Elfrid Payton,Pelicans,6-3,195,Guard,Elfrid Payton,2024-25,0,24,85,166,79,40,122,0.328,511.0
1627780,Gary Payton II,Warriors,6-2,195,Guard,Gary Payton II,2024-25,1610612744,62,400,83,185,171,298,0.574,927.0
1641809,Drew Peterson,Celtics,6-9,205,Forward,Drew Peterson,2024-25,1610612738,25,54,13,40,17,41,0.415,186.0
1641763,Julian Phillips,Bulls,6-8,198,Forward,Julian Phillips,2024-25,1610612741,79,366,39,169,128,287,0.446,1123.0
1629618,Jalen Pickett,Nuggets,6-2,202,Guard,Jalen Pickett,2024-25,1610612743,49,200,107,71,77,180,0.428,666.0
1630590,Scotty Pippen Jr.,Grizzlies,6-1,170,Guard,Scotty Pippen Jr.,2024-25,1610612763,79,779,347,259,285,594,0.48,1683.0
1631342,Daeqwon Plowden,Hawks,6-6,216,Guard-Forward,Daeqwon Plowden,2024-25,1610612737,6,43,2,11,16,25,0.64,72.0
203486,Mason Plumlee,Suns,6-10,254,Forward-Center,Mason Plumlee,2024-25,1610612756,74,333,134,455,125,202,0.619,1300.0
1641764,Brandin Podziemski,Warriors,6-4,205,Guard,Brandin Podziemski,2024-25,1610612744,64,747,220,325,280,629,0.445,1716.0
1627751,Jakob Poeltl,Raptors,7-0,260,Center,Jakob Poeltl,2024-25,1610612761,57,824,158,547,363,579,0.627,1686.0
1629673,Jordan Poole,Wizards,6-4,194,Guard,Jordan Poole,2024-25,1610612764,68,1391,303,203,457,1057,0.432,2001.0
1641854,Craig Porter Jr.,Cavaliers,6-1,180,Guard,Craig Porter Jr.,2024-25,1610612739,51,188,71,67,72,140,0.514,513.0
1629645,Kevin Porter Jr.,Bucks,6-4,203,Guard-Forward,Kevin Porter Jr.,2024-25,0,75,771,256,278,293,652,0.449,1482.0
1629008,Michael Porter Jr.,Nuggets,6-10,218,Forward,Michael Porter Jr.,2024-25,1610612743,77,1398,165,540,528,1048,0.504,2593.0
1626171,Bobby Portis,Bucks,6-10,250,Forward,Bobby Portis,2024-25,1610612749,49,680,104,411,277,595,0.466,1244.0
204001,Kristaps Porziņģis,Celtics,7-2,240,Forward-Center,Kristaps Porziņģis,2024-25,1610612738,42,818,87,284,277,574,0.483,1210.0
1642366,Quinten Post,Warriors,7-0,238,Center,Quinten Post,2024-25,1610612744,42,340,56,148,123,274,0.449,686.0
1630695,Micah Potter,Jazz,6-9,248,Center,Micah Potter,2024-25,1610612762,38,162,31,164,57,135,0.422,705.0
203939,Dwight Powell,Mavericks,6-10,240,Forward-Center,Dwight Powell,2024-25,1610612742,55,114,55,118,42,61,0.689,551.0
1626181,Norman Powell,Clippers,6-4,215,Guard,Norman Powell,2024-25,1610612746,60,1306,125,190,457,945,0.484,1958.0
1627752,Taurean Prince,Bucks,6-6,218,Forward,Taurean Prince,2024-25,1610612749,80,656,155,287,235,514,0.457,2166.0
1630202,Payton Pritchard,Celtics,6-1,195,Guard,Payton Pritchard,2024-25,1610612738,80,1144,279,307,409,866,0.472,2271.0
1641765,Olivier-Maxence Prosper,Mavericks,6-7,230,Forward,Olivier-Maxence Prosper,2024-25,1610612742,52,201,40,126,70,174,0.402,584.0
1642389,Zyon Pullin,Grizzlies,6-4,206,Guard,Zyon Pullin,2024-25,1610612763,3,0,0,0,0,1,0.0,3.0
1630243,Trevelin Queen,Magic,6-5,190,Guard,Trevelin Queen,2024-25,1610612753,31,152,38,54,56,147,0.381,430.0
1629674,Neemias Queta,Celtics,7-0,248,Center,Neemias Queta,2024-25,1610612738,62,310,45,236,132,203,0.65,863.0
1630193,Immanuel Quickley,Raptors,6-2,190,Guard,Immanuel Quickley,2024-25,1610612761,33,564,191,117,184,438,0.42,918.0
1631311,Lester Quinones,Pelicans,6-4,208,Guard,Lester Quinones,2024-25,0,13,86,24,19,31,78,0.397,183.0
203944,Julius Randle,Timberwolves,6-9,250,Forward-Center,Julius Randle,2024-25,1610612750,69,1288,323,487,455,939,0.485,2226.0
1641871,Duop Reath,Trail Blazers,6-9,245,Center,Duop Reath,2024-25,1610612757,46,194,26,92,70,166,0.422,469.0
1630559,Austin Reaves,Lakers,6-5,197,Guard,Austin Reaves,2024-25,1610612747,73,1475,421,329,477,1037,0.46,2550.0
1629629,Cam Reddish,,6-7,217,Forward-Guard,Cam Reddish,2024-25,1610612747,33,105,22,66,38,94,0.404,589.0
1630194,Paul Reed,Pistons,6-9,210,Forward,Paul Reed,2024-25,1610612765,45,184,44,123,72,142,0.507,438.0
1642024,Alex Reese,76ers,6-9,245,Forward-Center,Alex Reese,2024-25,0,15,76,4,47,26,54,0.481,216.0
1641810,Antonio Reeves,Pelicans,6-5,205,Guard,Antonio Reeves,2024-25,1610612740,44,305,39,63,113,248,0.456,660.0
1629675,Naz Reid,Timberwolves,6-9,264,Center-Forward,Naz Reid,2024-25,1610612750,80,1138,181,480,426,923,0.462,2200.0
1631197,Jared Rhoden,Raptors,6-5,210,Guard,Jared Rhoden,2024-25,0,14,118,16,42,42,87,0.483,226.0
1630208,Nick Richards,Suns,7-0,245,Center,Nick Richards,2024-25,0,57,529,49,466,205,347,0.591,1256.0
1626196,Josh Richardson,,6-5,200,Guard,Josh Richardson,2024-25,1610612748,8,32,12,12,11,38,0.289,149.0
1642258,Zaccharie Risacher,Hawks,6-8,200,Forward,Zaccharie Risacher,2024-25,1610612737,75,942,92,268,357,779,0.458,1843.0
1641857,Liam Robbins,,7-0,250,Center,Liam Robbins,2024-25,1610612749,13,9,2,12,2,8,0.25,57.0
1629130,Duncan Robinson,Heat,6-7,215,Forward,Duncan Robinson,2024-25,1610612748,74,817,176,167,290,663,0.437,1786.0
1629011,Mitchell Robinson,Knicks,7-0,240,Center-Forward,Mitchell Robinson,2024-25,1610612752,17,87,13,101,37,56,0.661,290.0
1631115,Orlando Robinson,,6-10,235,Center,Orlando Robinson,2024-25,0,44,303,77,220,116,261,0.444,770.0
1630526,Jeremiah Robinson-Earl,Pelicans,6-8,240,Forward,Jeremiah Robinson-Earl,2024-25,1610612740,66,418,88,315,158,347,0.455,1239.0
1631223,David Roddy,Rockets,6-4,255,Forward,David Roddy,2024-25,0,33,153,35,84,57,125,0.456,410.0
1631157,Ryan Rollins,Bucks,6-3,180,Guard,Ryan Rollins,2024-25,1610612749,56,349,104,108,132,271,0.487,820.0
1642050,Jackson Rowe,Warriors,6-7,210,Forward,Jackson Rowe,2024-25,1610612744,6,22,4,11,8,17,0.471,52.0
1626179,Terry Rozier,Heat,6-1,190,Guard,Terry Rozier,2024-25,1610612748,64,679,167,238,248,635,0.391,1658.0
1641712,Rayan Rupert,Trail Blazers,6-6,195,Guard-Forward,Rayan Rupert,2024-25,1610612757,52,155,25,70,58,142,0.408,460.0
1626156,D'Angelo Russell,Nets,6-3,193,Guard,D'Angelo Russell,2024-25,0,58,732,297,162,249,638,0.39,1480.0
1630346,Matt Ryan,,6-6,215,Forward,Matt Ryan,2024-25,1610612752,19,28,3,8,10,31,0.323,68.0
1627734,Domantas Sabonis,Kings,6-10,240,Forward-Center,Domantas Sabonis,2024-25,1610612758,70,1337,423,972,527,893,0.59,2429.0
1642275,Tidjane Salaün,Hornets,6-8,207,Forward,Tidjane Salaün,2024-25,1610612766,60,353,74,280,114,345,0.33,1244.0
1641766,Adama Sanogo,,6-9,245,Forward,Adama Sanogo,2024-25,1610612741,4,8,1,6,4,7,0.571,22.0
1630611,Gui Santos,Warriors,6-6,185,Forward,Gui Santos,2024-25,1610612744,56,227,80,172,82,179,0.458,762.0
1642259,Alex Sarr,Wizards,7-0,205,Center,Alex Sarr,2024-25,1610612764,67,869,161,435,326,828,0.394,1814.0
1631204,Marcus Sasser,Pistons,6-2,195,Guard,Marcus Sasser,2024-25,1610612765,57,375,133,69,137,296,0.463,811.0
1631248,Baylor Scheierman,Celtics,6-6,205,Guard,Baylor Scheierman,2024-25,1610612738,31,113,33,65,39,110,0.355,384.0
203471,Dennis Schröder,Pistons,6-1,175,Guard,Dennis Schröder,2024-25,0,75,980,404,198,336,827,0.406,2105.0
1630578,Alperen Sengun,Rockets,6-11,243,Center,Alperen Sengun,2024-25,1610612745,76,1451,372,786,567,1143,0.496,2395.0
1641729,Brice Sensabaugh,Jazz,6-5,235,Forward,Brice Sensabaugh,2024-25,1610612762,71,772,110,210,275,599,0.459,1432.0
1629012,Collin Sexton,Jazz,6-3,190,Guard,Collin Sexton,2024-25,1610612762,63,1159,264,171,416,867,0.48,1758.0
1629013,Landry Shamet,Knicks,6-4,190,Guard,Landry Shamet,2024-25,1610612752,50,286,27,61,106,230,0.461,762.0
1630545,Terrence Shannon Jr.,Timberwolves,6-6,215,Guard-Forward,Terrence Shannon Jr.,2024-25,1610612750,32,138,32,47,55,114,0.482,339.0
1630549,Day'Ron Sharpe,Nets,6-9,265,Center,Day'Ron Sharpe,2024-25,1610612751,50,397,91,330,165,317,0.521,907.0
1631101,Shaedon Sharpe,Trail Blazers,6-5,208,Guard,Shaedon Sharpe,2024-25,1610612757,72,1335,198,324,499,1104,0.452,2252.0
1642347,Jamal Shead,Raptors,6-1,200,Guard,Jamal Shead,2024-25,1610612761,75,533,316,115,204,504,0.405,1467.0
1641767,Ben Sheppard,Pacers,6-6,190,Guard,Ben Sheppard,2024-25,1610612754,63,332,85,177,120,287,0.418,1230.0
1642263,Reed Sheppard,Rockets,6-2,185,Guard,Reed Sheppard,2024-25,1610612745,52,229,75,78,84,239,0.351,654.0
1627783,Pascal Siakam,Pacers,6-8,245,Forward,Pascal Siakam,2024-25,1610612754,78,1578,263,540,613,1182,0.519,2548.0
1627732,Ben Simmons,Clippers,6-10,240,Guard-Forward,Ben Simmons,2024-25,0,51,256,285,241,116,223,0.52,1120.0
1629014,Anfernee Simons,Trail Blazers,6-3,200,Guard,Anfernee Simons,2024-25,1610612757,70,1348,337,189,479,1125,0.426,2292.0
1642354,KJ Simpson,Hornets,6-0,189,Guard,KJ Simpson,2024-25,1610612766,36,282,112,109,104,301,0.346,842.0
1630579,Jericho Sims,Bucks,6-10,250,Center,Jericho Sims,2024-25,0,53,98,33,197,45,71,0.634,631.0
203935,Marcus Smart,Wizards,6-3,220,Guard,Marcus Smart,2024-25,0,34,305,109,72,101,257,0.393,680.0
1630696,Dru Smith,Heat,6-2,203,Guard,Dru Smith,2024-25,1610612748,14,87,23,36,31,61,0.508,268.0
1630188,Jalen Smith,Bulls,6-9,215,Forward-Center,Jalen Smith,2024-25,1610612741,64,524,65,357,190,408,0.466,962.0
1642449,Tolu Smith,Pistons,6-11,,Forward,Tolu Smith,2024-25,1610612765,1,14,0,8,6,9,0.667,22.0
1641890,Tyler Smith,Bucks,6-9,224,Forward,Tyler Smith,2024-25,1610612749,23,67,4,25,24,50,0.48,122.0
1631095,Jabari Smith Jr.,Rockets,6-10,220,Forward,Jabari Smith Jr.,2024-25,1610612745,57,698,60,399,248,566,0.438,1716.0
1641733,Nick Smith Jr.,Hornets,6-2,185,Guard,Nick Smith Jr.,2024-25,1610612766,60,591,145,128,222,568,0.391,1369.0
1631110,Jeremy Sochan,Spurs,6-8,230,Forward,Jeremy Sochan,2024-25,1610612759,54,617,128,352,251,469,0.535,1364.0
1642285,Cam Spencer,Grizzlies,6-4,205,Guard,Cam Spencer,2024-25,1610612763,25,106,34,30,34,82,0.415,252.0
1630311,Pat Spencer,Warriors,6-3,205,Guard,Pat Spencer,2024-25,1610612744,39,98,48,46,41,101,0.406,250.0
1630531,Jaden Springer,Jazz,6-4,202,Guard,Jaden Springer,2024-25,0,43,109,33,58,35,90,0.389,365.0
1641815,Isaiah Stevens,Heat,6-0,185,Guard,Isaiah Stevens,2024-25,1610612748,3,0,0,2,0,2,0.0,6.0
1630205,Lamar Stevens,Grizzlies,6-7,230,Forward,Lamar Stevens,2024-25,1610612763,17,74,8,38,29,63,0.46,156.0
1630191,Isaiah Stewart,Pistons,6-8,250,Forward-Center,Isaiah Stewart,2024-25,1610612765,72,435,123,399,176,315,0.559,1434.0
1631124,Julian Strawther,Nuggets,6-6,205,Guard,Julian Strawther,2024-25,1610612743,65,588,83,142,210,486,0.432,1384.0
1629622,Max Strus,Cavaliers,6-5,215,Guard-Forward,Max Strus,2024-25,1610612739,50,471,158,217,165,373,0.442,1273.0
1630591,Jalen Suggs,Magic,6-5,205,Guard,Jalen Suggs,2024-25,1610612753,35,567,129,141,197,481,0.41,1002.0
1631306,Cole Swider,,6-8,220,Forward,Cole Swider,2024-25,0,10,59,3,27,22,63,0.349,170.0
1630256,Jae'Sean Tate,Rockets,6-4,230,Forward,Jae'Sean Tate,2024-25,1610612745,52,188,47,117,70,148,0.473,588.0
1628369,Jayson Tatum,Celtics,6-8,210,Forward-Guard,Jayson Tatum,2024-25,1610612738,72,1932,431,623,662,1465,0.452,2624.0
1630678,Terry Taylor,,6-4,230,Forward,Terry Taylor,2024-25,1610612758,3,0,2,1,0,1,0.0,6.0
202066,Garrett Temple,Raptors,6-5,195,Guard-Forward,Garrett Temple,2024-25,1610612761,28,53,31,29,18,60,0.3,227.0
1631207,Dalen Terry,Bulls,6-7,195,Forward,Dalen Terry,2024-25,1610612741,73,326,97,124,120,268,0.448,987.0
1628464,Daniel Theis,,6-8,245,Forward-Center,Daniel Theis,2024-25,1610612740,38,162,60,164,61,129,0.473,621.0
1630560,Cam Thomas,Nets,6-3,210,Guard,Cam Thomas,2024-25,1610612751,25,599,94,83,199,454,0.438,781.0
1641708,Amen Thompson,Rockets,6-7,200,Guard-Forward,Amen Thompson,2024-25,1610612745,69,970,265,564,388,697,0.557,2225.0
1641709,Ausar Thompson,Pistons,6-6,205,Guard-Forward,Ausar Thompson,2024-25,1610612765,59,594,134,303,246,460,0.535,1328.0
202691,Klay Thompson,Mavericks,6-5,220,Guard,Klay Thompson,2024-25,1610612742,72,1005,145,246,361,877,0.412,1965.0
202684,Tristan Thompson,Cavaliers,6-9,254,Center-Forward,Tristan Thompson,2024-25,1610612739,40,69,24,134,31,71,0.437,328.0
1630550,JT Thor,Wizards,6-9,203,Forward,JT Thor,2024-25,0,20,71,6,48,25,59,0.424,249.0
1629680,Matisse Thybulle,Trail Blazers,6-5,201,Guard-Forward,Matisse Thybulle,2024-25,1610612757,15,112,28,52,42,88,0.477,312.0
1630214,Xavier Tillman,Celtics,6-7,245,Forward,Xavier Tillman,2024-25,1610612738,33,34,7,43,13,53,0.245,231.0
1631166,Drew Timme,Nets,6-10,235,Forward,Drew Timme,2024-25,1610612751,9,109,20,65,45,102,0.441,254.0
1641772,Nae'Qwan Tomlin,Cavaliers,6-10,210,Forward,Nae'Qwan Tomlin,2024-25,1610612739,5,36,2,21,13,32,0.406,63.0
1631210,Jacob Toppin,Hawks,6-8,200,Forward,Jacob Toppin,2024-25,0,17,23,6,15,9,22,0.409,75.0
1630167,Obi Toppin,Pacers,6-9,220,Forward,Obi Toppin,2024-25,1610612754,79,833,128,318,317,599,0.529,1545.0
1626157,Karl-Anthony Towns,Knicks,7-0,248,Center-Forward,Karl-Anthony Towns,2024-25,1610612752,72,1759,222,920,639,1215,0.526,2517.0
1642422,Armel Traoré,,6-9,245,Forward,Armel Traoré,2024-25,1610612747,9,14,1,15,6,19,0.316,67.0
1631247,Luke Travers,Cavaliers,6-7,207,Forward,Luke Travers,2024-25,1610612739,12,12,8,20,5,20,0.25,88.0
1629018,Gary Trent Jr.,Bucks,6-5,204,Guard,Gary Trent Jr.,2024-25,1610612749,74,824,87,168,283,657,0.431,1893.0
1631131,Oscar Tshiebwe,Jazz,6-8,255,Forward-Center,Oscar Tshiebwe,2024-25,1610612762,14,107,9,122,42,70,0.6,255.0
200782,P.J. Tucker,Knicks,6-5,245,Forward,P.J. Tucker,2024-25,1610612752,3,9,0,8,3,7,0.429,58.0
1626167,Myles Turner,Pacers,6-11,250,Center-Forward,Myles Turner,2024-25,1610612754,72,1120,111,471,390,811,0.481,2174.0
1641816,Hunter Tyson,Nuggets,6-8,215,Forward,Hunter Tyson,2024-25,1610612743,51,134,20,78,45,120,0.375,400.0
1642281,Jaylon Tyson,Cavaliers,6-6,215,Guard-Forward,Jaylon Tyson,2024-25,1610612739,47,167,44,96,64,149,0.43,453.0
1630649,Stanley Umude,Bucks,6-6,210,Guard,Stanley Umude,2024-25,1610612749,22,15,4,17,5,26,0.192,86.0
202685,Jonas Valančiūnas,Kings,6-11,265,Center,Jonas Valančiūnas,2024-25,0,81,843,164,627,345,627,0.55,1524.0
1627832,Fred VanVleet,Rockets,6-0,197,Guard,Fred VanVleet,2024-25,1610612745,60,844,333,221,287,759,0.378,2111.0
1629020,Jarred Vanderbilt,Lakers,6-8,214,Forward,Jarred Vanderbilt,2024-25,1610612747,36,147,41,182,59,121,0.488,581.0
1630170,Devin Vassell,Spurs,6-5,200,Guard-Forward,Devin Vassell,2024-25,1610612759,64,1041,183,255,394,889,0.443,1983.0
1629216,Gabe Vincent,Lakers,6-2,200,Guard,Gabe Vincent,2024-25,1610612747,72,460,98,92,168,420,0.4,1527.0
1641774,Tristan Vukcevic,Wizards,7-0,220,Forward,Tristan Vukcevic,2024-25,1610612764,35,330,39,130,120,242,0.496,513.0
202696,Nikola Vučević,Bulls,6-10,260,Center,Nikola Vučević,2024-25,1610612741,73,1349,256,735,550,1038,0.53,2278.0
1629731,Dean Wade,Cavaliers,6-9,228,Forward-Center,Dean Wade,2024-25,1610612739,59,320,76,249,112,271,0.413,1253.0
1630532,Franz Wagner,Magic,6-10,220,Forward,Franz Wagner,2024-25,1610612753,60,1449,284,342,537,1161,0.463,2023.0
1629021,Moritz Wagner,Magic,6-11,245,Forward-Center,Moritz Wagner,2024-25,1610612753,30,386,42,148,140,249,0.562,564.0
1631133,Jabari Walker,Trail Blazers,6-7,237,Forward,Jabari Walker,2024-25,1610612757,60,313,37,211,118,229,0.515,749.0
1641716,Jarace Walker,Pacers,6-7,235,Forward,Jarace Walker,2024-25,1610612754,75,461,110,229,170,360,0.472,1187.0
1629022,Lonnie Walker IV,76ers,6-4,204,Guard-Forward,Lonnie Walker IV,2024-25,1610612755,20,247,50,63,89,212,0.42,477.0
1641717,Cason Wallace,Thunder,6-3,195,Guard,Cason Wallace,2024-25,1610612760,68,568,173,229,232,489,0.474,1876.0
1630811,Keaton Wallace,Hawks,6-3,185,Guard,Keaton Wallace,2024-25,1610612737,31,168,81,50,65,162,0.401,501.0
1641775,Jordan Walsh,Celtics,6-6,205,Guard,Jordan Walsh,2024-25,1610612738,52,82,19,69,30,83,0.361,403.0
1642266,Ja'Kobe Walter,Raptors,6-5,180,Guard,Ja'Kobe Walter,2024-25,1610612761,52,449,81,160,159,393,0.405,1103.0
1642276,Kel'el Ware,Heat,7-0,230,Center,Kel'el Ware,2024-25,1610612748,64,595,60,473,257,464,0.554,1422.0
1629023,P.J. Washington,Mavericks,6-6,230,Forward,P.J. Washington,2024-25,1610612742,57,836,131,442,301,665,0.453,1835.0
1631102,TyTy Washington Jr.,Suns,6-3,195,Guard,TyTy Washington Jr.,2024-25,1610612756,16,35,16,13,14,45,0.311,118.0
1630322,Lindy Waters III,Pistons,6-6,210,Forward,Lindy Waters III,2024-25,0,52,256,52,110,92,249,0.369,778.0
1630570,Trendon Watford,Nets,6-8,237,Guard-Forward,Trendon Watford,2024-25,1610612751,44,450,115,160,164,350,0.469,913.0
1641817,Anton Watson,Knicks,6-8,225,Forward,Anton Watson,2024-25,1610612752,9,8,2,3,4,9,0.444,22.0
1631212,Peyton Watson,Nuggets,6-7,200,Guard,Peyton Watson,2024-25,1610612743,68,551,94,233,204,428,0.477,1656.0
1642377,Jaylen Wells,Grizzlies,6-8,,Forward,Jaylen Wells,2024-25,1610612763,79,823,135,268,287,676,0.425,2044.0
1641705,Victor Wembanyama,Spurs,7-3,235,Forward-Center,Victor Wembanyama,2024-25,1610612759,46,1116,168,506,408,857,0.476,1527.0
1631104,Blake Wesley,Spurs,6-3,185,Guard,Blake Wesley,2024-25,1610612759,58,217,114,61,81,186,0.435,683.0
201566,Russell Westbrook,Nuggets,6-4,200,Guard,Russell Westbrook,2024-25,1610612743,75,994,457,370,373,831,0.449,2092.0
1630762,Phillip Wheeler,,6-8,185,Forward,Phillip Wheeler,2024-25,1610612755,5,8,2,8,3,21,0.143,44.0
1629632,Coby White,Bulls,6-5,195,Guard,Coby White,2024-25,1610612741,74,1509,330,273,508,1121,0.453,2450.0
1628401,Derrick White,Celtics,6-4,190,Guard,Derrick White,2024-25,1610612738,76,1248,361,341,424,959,0.442,2574.0
1641727,Dariq Whitehead,Nets,6-6,220,Guard-Forward,Dariq Whitehead,2024-25,1610612751,20,114,12,29,39,96,0.406,246.0
1641715,Cam Whitmore,Rockets,6-7,230,Forward,Cam Whitmore,2024-25,1610612745,51,477,49,151,179,403,0.444,827.0
1630598,Aaron Wiggins,Thunder,6-5,190,Guard,Aaron Wiggins,2024-25,1610612760,76,914,134,295,355,728,0.488,1744.0
203952,Andrew Wiggins,Heat,6-7,197,Forward,Andrew Wiggins,2024-25,0,60,1078,158,269,376,839,0.448,1842.0
1631214,Alondes Williams,,6-4,210,Guard,Alondes Williams,2024-25,1610612765,1,5,1,0,2,2,1.0,4.0
1630314,Brandon Williams,Mavericks,6-1,190,Guard,Brandon Williams,2024-25,1610612742,33,275,76,58,98,188,0.521,487.0
1642262,Cody Williams,Jazz,6-7,190,Forward,Cody Williams,2024-25,1610612762,50,230,59,113,83,257,0.323,1060.0
1629684,Grant Williams,Hornets,6-6,236,Forward,Grant Williams,2024-25,1610612766,16,166,37,82,54,123,0.439,479.0
1631114,Jalen Williams,Thunder,6-5,211,Guard-Forward,Jalen Williams,2024-25,1610612760,69,1490,354,369,565,1168,0.484,2237.0
1631119,Jaylin Williams,Thunder,6-9,240,Forward,Jaylin Williams,2024-25,1610612760,47,278,120,262,97,221,0.439,784.0
1629026,Kenrich Williams,Thunder,6-6,210,Guard-Forward,Kenrich Williams,2024-25,1610612760,69,436,97,241,171,354,0.483,1132.0
1631109,Mark Williams,Hornets,7-0,240,Center,Mark Williams,2024-25,1610612766,44,671,109,447,270,447,0.604,1171.0
1631466,Nate Williams,Rockets,6-5,205,Guard,Nate Williams,2024-25,1610612745,20,65,9,13,27,62,0.435,147.0
1630172,Patrick Williams,Bulls,6-7,215,Forward,Patrick Williams,2024-25,1610612741,63,566,124,237,205,516,0.397,1576.0
1630533,Ziaire Williams,Nets,6-9,185,Forward,Ziaire Williams,2024-25,1610612751,63,632,84,287,214,520,0.412,1541.0
1629057,Robert Williams III,Trail Blazers,6-9,249,Center-Forward,Robert Williams III,2024-25,1610612757,20,116,21,118,50,78,0.641,351.0
1631246,Vince Williams Jr.,Grizzlies,6-4,205,Guard,Vince Williams Jr.,2024-25,1610612763,27,179,55,98,67,167,0.401,499.0
1629627,Zion Williamson,Pelicans,6-6,284,Forward,Zion Williamson,2024-25,1610612740,30,737,159,216,288,508,0.567,857.0
1630592,Jalen Wilson,Nets,6-6,220,Forward,Jalen Wilson,2024-25,1610612751,79,749,145,270,246,620,0.397,2031.0
1630164,James Wiseman,,6-11,240,Center,James Wiseman,2024-25,1610612754,1,6,0,1,2,4,0.5,5.0
1631209,Isaiah Wong,,6-3,185,Guard,Isaiah Wong,2024-25,1610612766,20,120,28,32,41,105,0.39,266.0
1626153,Delon Wright,Knicks,6-5,185,Guard,Delon Wright,2024-25,0,40,125,77,66,45,131,0.344,635.0
1627824,Guerschon Yabusele,76ers,6-8,265,Forward,Guerschon Yabusele,2024-25,1610612755,70,768,148,395,282,563,0.501,1895.0
1642385,Cui Yongxi,,6-5,190,Forward,Cui Yongxi,2024-25,1610612751,5,3,0,2,1,7,0.143,10.0
1642443,Jahmir Young,Bulls,6-1,185,Guard,Jahmir Young,2024-25,1610612741,6,11,6,3,4,5,0.8,30.0
1629027,Trae Young,Hawks,6-1,164,Guard,Trae Young,2024-25,1610612737,76,1841,880,236,566,1376,0.411,2739.0
1627826,Ivica Zubac,Clippers,7-0,240,Center,Ivica Zubac,2024-25,1610612746,80,1340,214,1010,592,942,0.628,2624.0
1641783,Tristan da Silva,Magic,6-8,217,Forward,Tristan da Silva,2024-25,1610612753,74,533,113,245,199,483,0.412,1629.0
1628427,Vlatko Čančar,Nuggets,6-8,236,Forward,Vlatko Čančar,2024-25,1610612743,13,24,9,32,10,26,0.385,136.0
203967,Dario Šarić,Nuggets,6-10,225,Forward-Center,Dario Šarić,2024-25,1610612743,16,56,23,50,21,58,0.362,210.0
